system,lines,templates,fallback,roundtrip_exact,dict_kb,P,J,S1,S2,k_payload_plain,k_payload_json,k_disk_plain,k_disk_json,gzip_ratio_P,gzip_bytes_per_line_P,gzip_ratio_J,gzip_bytes_per_line_J,gzip_ratio_S1,gzip_bytes_per_line_S1,gzip_ratio_S2,gzip_bytes_per_line_S2,k_gzip_json,k_gzip_plain
HDFS,2000,14,0,2000,0.78,141.924,186.924,85.16,71.16,1.6666,2.6268,1.4499,2.0321,5.1985,35.164,6.2455,36.474,3.5504,35.499,3.5234,31.798,1.1471,0.9906
Hadoop,2000,114,0,2000,7.53,190.475,237.405,96.291,72.291,1.9781,3.284,1.686,2.4574,13.4643,17.1835,15.3588,18.1195,7.7304,17.7455,7.9397,14.255,1.2711,0.9683
Spark,2000,36,0,2000,1.8,96.134,133.134,45.7745,27.7745,2.1002,4.7934,1.5803,2.532,8.8835,15.425,10.8995,15.9665,5.2784,16.4195,4.5574,15.0675,1.0597,0.9394
Zookeeper,2000,50,0,2000,2.84,137.9465,184.807,65.8645,41.8645,2.0944,4.4144,1.6745,2.725,9.5039,18.817,11.5357,19.565,5.3352,20.009,5.8949,14.038,1.3937,0.9404
BGL,2000,120,0,2000,8.14,156.576,239.1045,118.2825,69.2825,1.3237,3.4512,1.2404,2.5399,5.3464,36.933,7.0463,39.7355,4.4137,36.062,4.843,22.7475,1.7468,1.0242
OpenStack,2000,43,0,2000,2.53,295.5605,312.6905,203.344,179.344,1.4535,1.7435,1.3774,1.6052,9.0689,37.1,9.2663,38.158,6.7891,35.975,7.1132,30.962,1.2324,1.0313
Apache,2000,6,0,2000,0.25,83.6205,106.6205,54.4035,29.4035,1.537,3.6261,1.3062,2.0968,9.6757,12.868,11.2799,13.077,6.2557,15.2325,5.6145,12.5195,1.0445,0.8448
Android,2000,166,0,2000,10.0,137.539,188.7995,63.3005,44.3005,2.1728,4.2618,1.7118,2.694,8.3741,21.306,10.1788,22.5645,5.3802,19.3635,5.3886,15.8075,1.4275,1.1003
Pooled,16000,549,0,16000,33.87,154.9719,198.6856,91.5526,66.9276,1.6927,2.9687,1.4784,2.2208,8.0483,24.3496,9.4151,25.4575,5.4019,24.5383,5.4927,19.6494,1.2956,0.9923
