encoding,events_per_s,line_B,W_MBps,loss_ratio_mean,loss_ratio_sd,first_loss_s_mean,largest_0log_MB_mean,escrow_held_max_MB_mean,never_opened_files_mean,rotations_mean,loss_with_escrow
json,50000,239.6856,11.9843,0.0,0.0,,119.8428,0.0,0,9,0.0
stroke,50000,107.9276,5.3964,0.0,0.0,,55.4532,0.0,0,8.8,0.0
json,100000,239.6856,23.9686,0.0,0.0,,239.6856,0.0,0,9,0.0
stroke,100000,107.9276,10.7928,0.0,0.0,,107.9276,0.0,0,9,0.0
json,125000,239.6856,29.9607,0.0,0.0,,299.607,0.0,0,9,0.0
stroke,125000,107.9276,13.4909,0.0,0.0,,134.9095,0.0,0,9,0.0
json,150000,239.6856,35.9528,0.0526,0.0044,51.932,359.5284,359.5284,0,9.6,0.0
stroke,150000,107.9276,16.1891,0.0,0.0,,161.8913,0.0,0,9,0.0
json,175000,239.6856,41.945,0.182,0.0085,25.972,419.4498,419.4498,0,9.6,0.0
stroke,175000,107.9276,18.8873,0.0,0.0,,188.8732,0.0,0,9,0.0
json,200000,239.6856,47.9371,0.2836,0.007,19.972,479.3712,862.8682,0,9.6,0.0
stroke,200000,107.9276,21.5855,0.0,0.0,,215.8551,0.0,0,9,0.0
json,250000,239.6856,59.9214,0.426,0.005,15.972,599.2141,2579.4967,0,9.6,0.0
stroke,250000,107.9276,26.9819,0.0,0.0,,269.8189,0.0,0,9,0.0
json,300000,239.6856,71.9057,0.5209,0.0039,15.972,719.0569,4294.7829,0,9.6,0.0
stroke,300000,107.9276,32.3783,0.0,0.0,,323.7827,0.0,0,9,0.0
json,350000,239.6856,83.89,0.5888,0.0035,15.972,838.8997,5769.6165,0,9.6,0.0
stroke,350000,107.9276,37.7746,0.0959,0.0059,37.94,377.7465,377.7465,0,9.6,0.0
json,400000,239.6856,95.8743,0.6396,0.0034,15.972,958.7425,6711.1975,0,9.6,0.0574
stroke,400000,107.9276,43.171,0.205,0.0083,25.972,431.7102,431.7102,0,9.6,0.0
